-- MySQL dump 10.13  Distrib 5.5.31, for debian-linux-gnu (x86_64)
--
-- Host: localhost    Database: glance
-- ------------------------------------------------------
-- Server version	5.5.31-0ubuntu0.13.04.1

/*!40101 SET @OLD_CHARACTER_SET_CLIENT=@@CHARACTER_SET_CLIENT */;
/*!40101 SET @OLD_CHARACTER_SET_RESULTS=@@CHARACTER_SET_RESULTS */;
/*!40101 SET @OLD_COLLATION_CONNECTION=@@COLLATION_CONNECTION */;
/*!40101 SET NAMES utf8 */;
/*!40103 SET @OLD_TIME_ZONE=@@TIME_ZONE */;
/*!40103 SET TIME_ZONE='+00:00' */;
/*!40014 SET @OLD_UNIQUE_CHECKS=@@UNIQUE_CHECKS, UNIQUE_CHECKS=0 */;
/*!40014 SET @OLD_FOREIGN_KEY_CHECKS=@@FOREIGN_KEY_CHECKS, FOREIGN_KEY_CHECKS=0 */;
/*!40101 SET @OLD_SQL_MODE=@@SQL_MODE, SQL_MODE='NO_AUTO_VALUE_ON_ZERO' */;
/*!40111 SET @OLD_SQL_NOTES=@@SQL_NOTES, SQL_NOTES=0 */;

--
-- Table structure for table `image_locations`
--

DROP TABLE IF EXISTS `image_locations`;
/*!40101 SET @saved_cs_client     = @@character_set_client */;
/*!40101 SET character_set_client = utf8 */;
CREATE TABLE `image_locations` (
  `id` int(11) NOT NULL AUTO_INCREMENT,
  `image_id` varchar(36) NOT NULL,
  `value` text NOT NULL,
  `created_at` datetime NOT NULL,
  `updated_at` datetime DEFAULT NULL,
  `deleted_at` datetime DEFAULT NULL,
  `deleted` tinyint(1) NOT NULL,
  PRIMARY KEY (`id`),
  KEY `ix_image_locations_image_id` (`image_id`),
  KEY `ix_image_locations_deleted` (`deleted`),
  CONSTRAINT `image_locations_ibfk_1` FOREIGN KEY (`image_id`) REFERENCES `images` (`id`)
) ENGINE=InnoDB AUTO_INCREMENT=20 DEFAULT CHARSET=latin1;
/*!40101 SET character_set_client = @saved_cs_client */;

--
-- Dumping data for table `image_locations`
--

LOCK TABLES `image_locations` WRITE;
/*!40000 ALTER TABLE `image_locations` DISABLE KEYS */;
INSERT INTO `image_locations` VALUES (1,'b88c9c6d-4f27-4a82-afd6-958ed0d888d4','https://launchpad.net/cirros/trunk/0.3.0/+download/cirros-0.3.0-x86_64-disk.img','2013-07-05 01:44:47','2013-07-05 01:44:47','2013-07-05 01:44:47',1),(2,'b88c9c6d-4f27-4a82-afd6-958ed0d888d4','https://launchpad.net/cirros/trunk/0.3.0/+download/cirros-0.3.0-x86_64-disk.img','2013-07-05 01:44:47','2013-07-23 01:11:43','2013-07-23 01:11:43',1),(3,'fc417481-0ffd-419f-ad3e-2ae136c25598','file:///var/lib/glance/images/fc417481-0ffd-419f-ad3e-2ae136c25598','2013-07-05 02:29:00','2013-07-08 03:50:40','2013-07-08 03:50:40',1),(4,'1494df67-0b5c-4b1c-8d00-a22ef5d9d196','file:///var/lib/glance/images/1494df67-0b5c-4b1c-8d00-a22ef5d9d196','2013-07-05 03:41:24','2013-07-05 04:33:04','2013-07-05 04:33:04',1),(5,'98601edc-749b-42db-a153-1d633b715104','file:///var/lib/glance/images/98601edc-749b-42db-a153-1d633b715104','2013-07-05 03:55:35','2013-07-05 04:33:04','2013-07-05 04:33:04',1),(6,'3ca2f804-ca7d-4305-b21f-8d13a6cbfe7e','file:///var/lib/glance/images/3ca2f804-ca7d-4305-b21f-8d13a6cbfe7e','2013-07-05 04:36:24','2013-07-05 04:36:24',NULL,0),(7,'a4003e96-2c7b-4140-8e0a-822830ecb0f5','file:///var/lib/glance/images/a4003e96-2c7b-4140-8e0a-822830ecb0f5','2013-07-08 03:52:30','2013-07-08 03:52:30',NULL,0),(8,'408a8a71-22a2-477b-b615-21d6974e82a4','file:///var/lib/glance/images/408a8a71-22a2-477b-b615-21d6974e82a4','2013-07-10 02:56:00','2013-07-23 01:11:42','2013-07-23 01:11:42',1),(9,'57d0468b-1872-44b4-8e73-c21fc64f0f80','file:///var/lib/glance/images/57d0468b-1872-44b4-8e73-c21fc64f0f80','2013-07-22 04:33:18','2013-07-23 01:11:42','2013-07-23 01:11:42',1),(10,'165a74a4-b168-4a88-bf3f-92d5758dfaa8','file:///var/lib/glance/images/165a74a4-b168-4a88-bf3f-92d5758dfaa8','2013-07-22 04:49:51','2013-07-22 04:49:51',NULL,0),(11,'6b0d1cb6-9b2b-49f7-863c-5c410b917649','file:///var/lib/glance/images/6b0d1cb6-9b2b-49f7-863c-5c410b917649','2013-07-22 05:37:55','2013-07-22 05:37:55',NULL,0),(12,'96bb3224-b38b-4906-a2c7-148c1f664561','file:///var/lib/glance/images/96bb3224-b38b-4906-a2c7-148c1f664561','2013-07-22 06:02:25','2013-07-22 08:00:21','2013-07-22 08:00:21',1),(13,'ed4673d0-2b15-4120-8781-f18fe337d6d8','file:///var/lib/glance/images/ed4673d0-2b15-4120-8781-f18fe337d6d8','2013-07-22 06:56:41','2013-07-22 08:00:21','2013-07-22 08:00:21',1),(14,'0aba5ca7-fb54-49f0-b42d-dd5e4ece3e10','file:///var/lib/glance/images/0aba5ca7-fb54-49f0-b42d-dd5e4ece3e10','2013-07-22 07:17:26','2013-07-22 08:00:20','2013-07-22 08:00:20',1),(15,'08171e0a-3f72-45fb-9657-e1933b77365c','file:///var/lib/glance/images/08171e0a-3f72-45fb-9657-e1933b77365c','2013-07-22 07:27:46','2013-07-22 08:00:20','2013-07-22 08:00:20',1),(16,'4113196a-7927-48a7-aee6-d404a56fd257','file:///var/lib/glance/images/4113196a-7927-48a7-aee6-d404a56fd257','2013-07-22 07:38:24','2013-07-22 08:00:20','2013-07-22 08:00:20',1),(17,'e1ab3c5f-3aef-4cc2-b4ae-742be9b45a8a','file:///var/lib/glance/images/e1ab3c5f-3aef-4cc2-b4ae-742be9b45a8a','2013-07-22 08:00:55','2013-07-22 08:15:45','2013-07-22 08:15:45',1),(18,'626b665f-6264-4141-a530-10dad829cae2','file:///var/lib/glance/images/626b665f-6264-4141-a530-10dad829cae2','2013-07-22 08:17:22','2013-07-23 01:11:42','2013-07-23 01:11:42',1),(19,'813e31c0-bc25-41e0-a14d-59aff59d6ad3','file:///var/lib/glance/images/813e31c0-bc25-41e0-a14d-59aff59d6ad3','2013-07-22 09:15:06','2013-07-22 09:15:06',NULL,0);
/*!40000 ALTER TABLE `image_locations` ENABLE KEYS */;
UNLOCK TABLES;

--
-- Table structure for table `image_members`
--

DROP TABLE IF EXISTS `image_members`;
/*!40101 SET @saved_cs_client     = @@character_set_client */;
/*!40101 SET character_set_client = utf8 */;
CREATE TABLE `image_members` (
  `id` int(11) NOT NULL AUTO_INCREMENT,
  `image_id` varchar(36) NOT NULL,
  `member` varchar(255) NOT NULL,
  `can_share` tinyint(1) NOT NULL,
  `created_at` datetime NOT NULL,
  `updated_at` datetime DEFAULT NULL,
  `deleted_at` datetime DEFAULT NULL,
  `deleted` tinyint(1) NOT NULL,
  `status` varchar(20) DEFAULT NULL,
  PRIMARY KEY (`id`),
  UNIQUE KEY `image_members_image_id_member_deleted_at_key` (`image_id`,`member`,`deleted_at`),
  KEY `ix_image_members_image_id_member` (`image_id`,`member`),
  KEY `ix_image_members_image_id` (`image_id`),
  KEY `ix_image_members_deleted` (`deleted`),
  CONSTRAINT `image_members_ibfk_1` FOREIGN KEY (`image_id`) REFERENCES `images` (`id`)
) ENGINE=InnoDB DEFAULT CHARSET=latin1;
/*!40101 SET character_set_client = @saved_cs_client */;

--
-- Dumping data for table `image_members`
--

LOCK TABLES `image_members` WRITE;
/*!40000 ALTER TABLE `image_members` DISABLE KEYS */;
/*!40000 ALTER TABLE `image_members` ENABLE KEYS */;
UNLOCK TABLES;

--
-- Table structure for table `image_properties`
--

DROP TABLE IF EXISTS `image_properties`;
/*!40101 SET @saved_cs_client     = @@character_set_client */;
/*!40101 SET character_set_client = utf8 */;
CREATE TABLE `image_properties` (
  `id` int(11) NOT NULL AUTO_INCREMENT,
  `image_id` varchar(36) NOT NULL,
  `name` varchar(255) NOT NULL,
  `value` text,
  `created_at` datetime NOT NULL,
  `updated_at` datetime DEFAULT NULL,
  `deleted_at` datetime DEFAULT NULL,
  `deleted` tinyint(1) NOT NULL,
  PRIMARY KEY (`id`),
  UNIQUE KEY `image_id` (`image_id`,`name`),
  UNIQUE KEY `ix_image_properties_image_id_name` (`image_id`,`name`),
  KEY `ix_image_properties_image_id` (`image_id`),
  KEY `ix_image_properties_deleted` (`deleted`),
  CONSTRAINT `image_properties_ibfk_1` FOREIGN KEY (`image_id`) REFERENCES `images` (`id`)
) ENGINE=InnoDB AUTO_INCREMENT=210 DEFAULT CHARSET=latin1;
/*!40101 SET character_set_client = @saved_cs_client */;

--
-- Dumping data for table `image_properties`
--

LOCK TABLES `image_properties` WRITE;
/*!40000 ALTER TABLE `image_properties` DISABLE KEYS */;
INSERT INTO `image_properties` VALUES (1,'408a8a71-22a2-477b-b615-21d6974e82a4','instance_uuid','5c11f93f-b6d4-4163-8b10-b0c66f07d0c4','2013-07-10 02:54:16','2013-07-23 01:11:42','2013-07-23 01:11:42',1),(2,'408a8a71-22a2-477b-b615-21d6974e82a4','instance_type_memory_mb','512','2013-07-10 02:54:16','2013-07-23 01:11:42','2013-07-23 01:11:42',1),(3,'408a8a71-22a2-477b-b615-21d6974e82a4','user_id','2523b1d4666f4acab7877c428defe793','2013-07-10 02:54:16','2013-07-23 01:11:42','2013-07-23 01:11:42',1),(4,'408a8a71-22a2-477b-b615-21d6974e82a4','instance_type_vcpu_weight','None','2013-07-10 02:54:16','2013-07-23 01:11:42','2013-07-23 01:11:42',1),(5,'408a8a71-22a2-477b-b615-21d6974e82a4','image_type','snapshot','2013-07-10 02:54:16','2013-07-23 01:11:42','2013-07-23 01:11:42',1),(6,'408a8a71-22a2-477b-b615-21d6974e82a4','instance_type_name','m1.tiny','2013-07-10 02:54:16','2013-07-23 01:11:42','2013-07-23 01:11:42',1),(7,'408a8a71-22a2-477b-b615-21d6974e82a4','instance_type_id','2','2013-07-10 02:54:16','2013-07-23 01:11:42','2013-07-23 01:11:42',1),(8,'408a8a71-22a2-477b-b615-21d6974e82a4','instance_type_ephemeral_gb','0','2013-07-10 02:54:16','2013-07-23 01:11:42','2013-07-23 01:11:42',1),(9,'408a8a71-22a2-477b-b615-21d6974e82a4','instance_type_rxtx_factor','1','2013-07-10 02:54:16','2013-07-23 01:11:42','2013-07-23 01:11:42',1),(10,'408a8a71-22a2-477b-b615-21d6974e82a4','instance_type_root_gb','0','2013-07-10 02:54:16','2013-07-23 01:11:42','2013-07-23 01:11:42',1),(11,'408a8a71-22a2-477b-b615-21d6974e82a4','instance_type_flavorid','1','2013-07-10 02:54:16','2013-07-23 01:11:42','2013-07-23 01:11:42',1),(12,'408a8a71-22a2-477b-b615-21d6974e82a4','instance_type_vcpus','1','2013-07-10 02:54:16','2013-07-23 01:11:42','2013-07-23 01:11:42',1),(13,'408a8a71-22a2-477b-b615-21d6974e82a4','instance_type_swap','0','2013-07-10 02:54:16','2013-07-23 01:11:42','2013-07-23 01:11:42',1),(14,'408a8a71-22a2-477b-b615-21d6974e82a4','base_image_ref','a4003e96-2c7b-4140-8e0a-822830ecb0f5','2013-07-10 02:54:16','2013-07-23 01:11:42','2013-07-23 01:11:42',1),(15,'408a8a71-22a2-477b-b615-21d6974e82a4','kernel_id',NULL,'2013-07-10 02:55:24','2013-07-23 01:11:42','2013-07-23 01:11:42',1),(16,'408a8a71-22a2-477b-b615-21d6974e82a4','image_location','snapshot','2013-07-10 02:55:24','2013-07-23 01:11:42','2013-07-23 01:11:42',1),(17,'408a8a71-22a2-477b-b615-21d6974e82a4','image_state','available','2013-07-10 02:55:24','2013-07-23 01:11:42','2013-07-23 01:11:42',1),(18,'408a8a71-22a2-477b-b615-21d6974e82a4','ramdisk_id',NULL,'2013-07-10 02:55:24','2013-07-23 01:11:42','2013-07-23 01:11:42',1),(19,'408a8a71-22a2-477b-b615-21d6974e82a4','owner_id','3f2faf6d2c304c55be93de9b2b871ade','2013-07-10 02:55:24','2013-07-23 01:11:42','2013-07-23 01:11:42',1),(20,'57d0468b-1872-44b4-8e73-c21fc64f0f80','instance_uuid','0ebb53bb-57d6-47e0-8ccd-1c249e1d8d6a','2013-07-22 04:31:35','2013-07-23 01:11:42','2013-07-23 01:11:42',1),(21,'57d0468b-1872-44b4-8e73-c21fc64f0f80','instance_type_memory_mb','512','2013-07-22 04:31:35','2013-07-23 01:11:42','2013-07-23 01:11:42',1),(22,'57d0468b-1872-44b4-8e73-c21fc64f0f80','user_id','2523b1d4666f4acab7877c428defe793','2013-07-22 04:31:35','2013-07-23 01:11:42','2013-07-23 01:11:42',1),(23,'57d0468b-1872-44b4-8e73-c21fc64f0f80','instance_type_vcpu_weight','None','2013-07-22 04:31:35','2013-07-23 01:11:42','2013-07-23 01:11:42',1),(24,'57d0468b-1872-44b4-8e73-c21fc64f0f80','image_type','snapshot','2013-07-22 04:31:35','2013-07-23 01:11:42','2013-07-23 01:11:42',1),(25,'57d0468b-1872-44b4-8e73-c21fc64f0f80','instance_type_name','m1.tiny','2013-07-22 04:31:35','2013-07-23 01:11:42','2013-07-23 01:11:42',1),(26,'57d0468b-1872-44b4-8e73-c21fc64f0f80','instance_type_id','2','2013-07-22 04:31:35','2013-07-23 01:11:42','2013-07-23 01:11:42',1),(27,'57d0468b-1872-44b4-8e73-c21fc64f0f80','instance_type_ephemeral_gb','0','2013-07-22 04:31:35','2013-07-23 01:11:42','2013-07-23 01:11:42',1),(28,'57d0468b-1872-44b4-8e73-c21fc64f0f80','instance_type_rxtx_factor','1','2013-07-22 04:31:35','2013-07-23 01:11:42','2013-07-23 01:11:42',1),(29,'57d0468b-1872-44b4-8e73-c21fc64f0f80','instance_type_root_gb','0','2013-07-22 04:31:35','2013-07-23 01:11:42','2013-07-23 01:11:42',1),(30,'57d0468b-1872-44b4-8e73-c21fc64f0f80','instance_type_flavorid','1','2013-07-22 04:31:35','2013-07-23 01:11:42','2013-07-23 01:11:42',1),(31,'57d0468b-1872-44b4-8e73-c21fc64f0f80','instance_type_vcpus','1','2013-07-22 04:31:35','2013-07-23 01:11:42','2013-07-23 01:11:42',1),(32,'57d0468b-1872-44b4-8e73-c21fc64f0f80','instance_type_swap','0','2013-07-22 04:31:35','2013-07-23 01:11:42','2013-07-23 01:11:42',1),(33,'57d0468b-1872-44b4-8e73-c21fc64f0f80','base_image_ref','a4003e96-2c7b-4140-8e0a-822830ecb0f5','2013-07-22 04:31:35','2013-07-23 01:11:42','2013-07-23 01:11:42',1),(34,'57d0468b-1872-44b4-8e73-c21fc64f0f80','kernel_id',NULL,'2013-07-22 04:32:50','2013-07-23 01:11:42','2013-07-23 01:11:42',1),(35,'57d0468b-1872-44b4-8e73-c21fc64f0f80','image_location','snapshot','2013-07-22 04:32:50','2013-07-23 01:11:42','2013-07-23 01:11:42',1),(36,'57d0468b-1872-44b4-8e73-c21fc64f0f80','image_state','available','2013-07-22 04:32:50','2013-07-23 01:11:42','2013-07-23 01:11:42',1),(37,'57d0468b-1872-44b4-8e73-c21fc64f0f80','ramdisk_id',NULL,'2013-07-22 04:32:50','2013-07-23 01:11:42','2013-07-23 01:11:42',1),(38,'57d0468b-1872-44b4-8e73-c21fc64f0f80','owner_id','3f2faf6d2c304c55be93de9b2b871ade','2013-07-22 04:32:50','2013-07-23 01:11:42','2013-07-23 01:11:42',1),(39,'165a74a4-b168-4a88-bf3f-92d5758dfaa8','instance_uuid','5c63fe20-80bc-4a4f-af8c-20a8474c5c00','2013-07-22 04:49:10','2013-07-22 04:49:10',NULL,0),(40,'165a74a4-b168-4a88-bf3f-92d5758dfaa8','instance_type_memory_mb','512','2013-07-22 04:49:10','2013-07-22 04:49:10',NULL,0),(41,'165a74a4-b168-4a88-bf3f-92d5758dfaa8','user_id','2523b1d4666f4acab7877c428defe793','2013-07-22 04:49:10','2013-07-22 04:49:10',NULL,0),(42,'165a74a4-b168-4a88-bf3f-92d5758dfaa8','instance_type_vcpu_weight','None','2013-07-22 04:49:10','2013-07-22 04:49:10',NULL,0),(43,'165a74a4-b168-4a88-bf3f-92d5758dfaa8','image_type','snapshot','2013-07-22 04:49:10','2013-07-22 04:49:10',NULL,0),(44,'165a74a4-b168-4a88-bf3f-92d5758dfaa8','instance_type_name','m1.tiny','2013-07-22 04:49:10','2013-07-22 04:49:10',NULL,0),(45,'165a74a4-b168-4a88-bf3f-92d5758dfaa8','instance_type_id','2','2013-07-22 04:49:10','2013-07-22 04:49:10',NULL,0),(46,'165a74a4-b168-4a88-bf3f-92d5758dfaa8','instance_type_ephemeral_gb','0','2013-07-22 04:49:10','2013-07-22 04:49:10',NULL,0),(47,'165a74a4-b168-4a88-bf3f-92d5758dfaa8','instance_type_rxtx_factor','1','2013-07-22 04:49:10','2013-07-22 04:49:10',NULL,0),(48,'165a74a4-b168-4a88-bf3f-92d5758dfaa8','instance_type_root_gb','0','2013-07-22 04:49:10','2013-07-22 04:49:10',NULL,0),(49,'165a74a4-b168-4a88-bf3f-92d5758dfaa8','instance_type_flavorid','1','2013-07-22 04:49:10','2013-07-22 04:49:10',NULL,0),(50,'165a74a4-b168-4a88-bf3f-92d5758dfaa8','instance_type_vcpus','1','2013-07-22 04:49:10','2013-07-22 04:49:10',NULL,0),(51,'165a74a4-b168-4a88-bf3f-92d5758dfaa8','instance_type_swap','0','2013-07-22 04:49:10','2013-07-22 04:49:10',NULL,0),(52,'165a74a4-b168-4a88-bf3f-92d5758dfaa8','base_image_ref','3ca2f804-ca7d-4305-b21f-8d13a6cbfe7e','2013-07-22 04:49:10','2013-07-22 04:49:10',NULL,0),(53,'165a74a4-b168-4a88-bf3f-92d5758dfaa8','kernel_id',NULL,'2013-07-22 04:49:26','2013-07-22 04:49:26',NULL,0),(54,'165a74a4-b168-4a88-bf3f-92d5758dfaa8','image_location','snapshot','2013-07-22 04:49:26','2013-07-22 04:49:26',NULL,0),(55,'165a74a4-b168-4a88-bf3f-92d5758dfaa8','image_state','available','2013-07-22 04:49:26','2013-07-22 04:49:26',NULL,0),(56,'165a74a4-b168-4a88-bf3f-92d5758dfaa8','ramdisk_id',NULL,'2013-07-22 04:49:26','2013-07-22 04:49:26',NULL,0),(57,'165a74a4-b168-4a88-bf3f-92d5758dfaa8','owner_id','3f2faf6d2c304c55be93de9b2b871ade','2013-07-22 04:49:26','2013-07-22 04:49:26',NULL,0),(58,'96bb3224-b38b-4906-a2c7-148c1f664561','instance_uuid','a1aac4e1-764e-4417-a3b4-9e58cbb04c8a','2013-07-22 06:01:32','2013-07-22 08:00:21','2013-07-22 08:00:21',1),(59,'96bb3224-b38b-4906-a2c7-148c1f664561','instance_type_memory_mb','512','2013-07-22 06:01:32','2013-07-22 08:00:21','2013-07-22 08:00:21',1),(60,'96bb3224-b38b-4906-a2c7-148c1f664561','user_id','2523b1d4666f4acab7877c428defe793','2013-07-22 06:01:32','2013-07-22 08:00:21','2013-07-22 08:00:21',1),(61,'96bb3224-b38b-4906-a2c7-148c1f664561','instance_type_vcpu_weight','None','2013-07-22 06:01:32','2013-07-22 08:00:21','2013-07-22 08:00:21',1),(62,'96bb3224-b38b-4906-a2c7-148c1f664561','image_type','snapshot','2013-07-22 06:01:32','2013-07-22 08:00:21','2013-07-22 08:00:21',1),(63,'96bb3224-b38b-4906-a2c7-148c1f664561','instance_type_name','m1.tiny','2013-07-22 06:01:32','2013-07-22 08:00:21','2013-07-22 08:00:21',1),(64,'96bb3224-b38b-4906-a2c7-148c1f664561','instance_type_id','2','2013-07-22 06:01:32','2013-07-22 08:00:21','2013-07-22 08:00:21',1),(65,'96bb3224-b38b-4906-a2c7-148c1f664561','instance_type_ephemeral_gb','0','2013-07-22 06:01:32','2013-07-22 08:00:21','2013-07-22 08:00:21',1),(66,'96bb3224-b38b-4906-a2c7-148c1f664561','instance_type_rxtx_factor','1','2013-07-22 06:01:32','2013-07-22 08:00:21','2013-07-22 08:00:21',1),(67,'96bb3224-b38b-4906-a2c7-148c1f664561','instance_type_root_gb','0','2013-07-22 06:01:32','2013-07-22 08:00:21','2013-07-22 08:00:21',1),(68,'96bb3224-b38b-4906-a2c7-148c1f664561','instance_type_flavorid','1','2013-07-22 06:01:32','2013-07-22 08:00:21','2013-07-22 08:00:21',1),(69,'96bb3224-b38b-4906-a2c7-148c1f664561','instance_type_vcpus','1','2013-07-22 06:01:32','2013-07-22 08:00:21','2013-07-22 08:00:21',1),(70,'96bb3224-b38b-4906-a2c7-148c1f664561','instance_type_swap','0','2013-07-22 06:01:32','2013-07-22 08:00:21','2013-07-22 08:00:21',1),(71,'96bb3224-b38b-4906-a2c7-148c1f664561','base_image_ref','a4003e96-2c7b-4140-8e0a-822830ecb0f5','2013-07-22 06:01:32','2013-07-22 08:00:21','2013-07-22 08:00:21',1),(72,'96bb3224-b38b-4906-a2c7-148c1f664561','kernel_id',NULL,'2013-07-22 06:02:05','2013-07-22 08:00:21','2013-07-22 08:00:21',1),(73,'96bb3224-b38b-4906-a2c7-148c1f664561','image_location','snapshot','2013-07-22 06:02:05','2013-07-22 08:00:21','2013-07-22 08:00:21',1),(74,'96bb3224-b38b-4906-a2c7-148c1f664561','image_state','available','2013-07-22 06:02:05','2013-07-22 08:00:21','2013-07-22 08:00:21',1),(75,'96bb3224-b38b-4906-a2c7-148c1f664561','ramdisk_id',NULL,'2013-07-22 06:02:05','2013-07-22 08:00:21','2013-07-22 08:00:21',1),(76,'96bb3224-b38b-4906-a2c7-148c1f664561','owner_id','3f2faf6d2c304c55be93de9b2b871ade','2013-07-22 06:02:05','2013-07-22 08:00:21','2013-07-22 08:00:21',1),(77,'ed4673d0-2b15-4120-8781-f18fe337d6d8','instance_uuid','a1aac4e1-764e-4417-a3b4-9e58cbb04c8a','2013-07-22 06:55:39','2013-07-22 08:00:21','2013-07-22 08:00:21',1),(78,'ed4673d0-2b15-4120-8781-f18fe337d6d8','instance_type_memory_mb','512','2013-07-22 06:55:39','2013-07-22 08:00:21','2013-07-22 08:00:21',1),(79,'ed4673d0-2b15-4120-8781-f18fe337d6d8','user_id','2523b1d4666f4acab7877c428defe793','2013-07-22 06:55:39','2013-07-22 08:00:21','2013-07-22 08:00:21',1),(80,'ed4673d0-2b15-4120-8781-f18fe337d6d8','instance_type_vcpu_weight','None','2013-07-22 06:55:39','2013-07-22 08:00:21','2013-07-22 08:00:21',1),(81,'ed4673d0-2b15-4120-8781-f18fe337d6d8','image_type','snapshot','2013-07-22 06:55:39','2013-07-22 08:00:21','2013-07-22 08:00:21',1),(82,'ed4673d0-2b15-4120-8781-f18fe337d6d8','instance_type_name','m1.tiny','2013-07-22 06:55:39','2013-07-22 08:00:21','2013-07-22 08:00:21',1),(83,'ed4673d0-2b15-4120-8781-f18fe337d6d8','instance_type_id','2','2013-07-22 06:55:39','2013-07-22 08:00:21','2013-07-22 08:00:21',1),(84,'ed4673d0-2b15-4120-8781-f18fe337d6d8','instance_type_ephemeral_gb','0','2013-07-22 06:55:39','2013-07-22 08:00:21','2013-07-22 08:00:21',1),(85,'ed4673d0-2b15-4120-8781-f18fe337d6d8','instance_type_rxtx_factor','1','2013-07-22 06:55:39','2013-07-22 08:00:21','2013-07-22 08:00:21',1),(86,'ed4673d0-2b15-4120-8781-f18fe337d6d8','instance_type_root_gb','0','2013-07-22 06:55:39','2013-07-22 08:00:21','2013-07-22 08:00:21',1),(87,'ed4673d0-2b15-4120-8781-f18fe337d6d8','instance_type_flavorid','1','2013-07-22 06:55:39','2013-07-22 08:00:21','2013-07-22 08:00:21',1),(88,'ed4673d0-2b15-4120-8781-f18fe337d6d8','instance_type_vcpus','1','2013-07-22 06:55:39','2013-07-22 08:00:21','2013-07-22 08:00:21',1),(89,'ed4673d0-2b15-4120-8781-f18fe337d6d8','instance_type_swap','0','2013-07-22 06:55:39','2013-07-22 08:00:21','2013-07-22 08:00:21',1),(90,'ed4673d0-2b15-4120-8781-f18fe337d6d8','base_image_ref','a4003e96-2c7b-4140-8e0a-822830ecb0f5','2013-07-22 06:55:39','2013-07-22 08:00:21','2013-07-22 08:00:21',1),(91,'ed4673d0-2b15-4120-8781-f18fe337d6d8','kernel_id',NULL,'2013-07-22 06:56:20','2013-07-22 08:00:21','2013-07-22 08:00:21',1),(92,'ed4673d0-2b15-4120-8781-f18fe337d6d8','image_location','snapshot','2013-07-22 06:56:20','2013-07-22 08:00:21','2013-07-22 08:00:21',1),(93,'ed4673d0-2b15-4120-8781-f18fe337d6d8','image_state','available','2013-07-22 06:56:20','2013-07-22 08:00:21','2013-07-22 08:00:21',1),(94,'ed4673d0-2b15-4120-8781-f18fe337d6d8','ramdisk_id',NULL,'2013-07-22 06:56:20','2013-07-22 08:00:21','2013-07-22 08:00:21',1),(95,'ed4673d0-2b15-4120-8781-f18fe337d6d8','owner_id','3f2faf6d2c304c55be93de9b2b871ade','2013-07-22 06:56:20','2013-07-22 08:00:21','2013-07-22 08:00:21',1),(96,'0aba5ca7-fb54-49f0-b42d-dd5e4ece3e10','instance_uuid','a1aac4e1-764e-4417-a3b4-9e58cbb04c8a','2013-07-22 07:16:03','2013-07-22 08:00:20','2013-07-22 08:00:20',1),(97,'0aba5ca7-fb54-49f0-b42d-dd5e4ece3e10','instance_type_memory_mb','512','2013-07-22 07:16:03','2013-07-22 08:00:20','2013-07-22 08:00:20',1),(98,'0aba5ca7-fb54-49f0-b42d-dd5e4ece3e10','user_id','2523b1d4666f4acab7877c428defe793','2013-07-22 07:16:03','2013-07-22 08:00:20','2013-07-22 08:00:20',1),(99,'0aba5ca7-fb54-49f0-b42d-dd5e4ece3e10','instance_type_vcpu_weight','None','2013-07-22 07:16:03','2013-07-22 08:00:20','2013-07-22 08:00:20',1),(100,'0aba5ca7-fb54-49f0-b42d-dd5e4ece3e10','image_type','snapshot','2013-07-22 07:16:03','2013-07-22 08:00:20','2013-07-22 08:00:20',1),(101,'0aba5ca7-fb54-49f0-b42d-dd5e4ece3e10','instance_type_name','m1.tiny','2013-07-22 07:16:03','2013-07-22 08:00:20','2013-07-22 08:00:20',1),(102,'0aba5ca7-fb54-49f0-b42d-dd5e4ece3e10','instance_type_id','2','2013-07-22 07:16:03','2013-07-22 08:00:20','2013-07-22 08:00:20',1),(103,'0aba5ca7-fb54-49f0-b42d-dd5e4ece3e10','instance_type_ephemeral_gb','0','2013-07-22 07:16:03','2013-07-22 08:00:20','2013-07-22 08:00:20',1),(104,'0aba5ca7-fb54-49f0-b42d-dd5e4ece3e10','instance_type_rxtx_factor','1','2013-07-22 07:16:03','2013-07-22 08:00:20','2013-07-22 08:00:20',1),(105,'0aba5ca7-fb54-49f0-b42d-dd5e4ece3e10','instance_type_root_gb','0','2013-07-22 07:16:03','2013-07-22 08:00:20','2013-07-22 08:00:20',1),(106,'0aba5ca7-fb54-49f0-b42d-dd5e4ece3e10','instance_type_flavorid','1','2013-07-22 07:16:03','2013-07-22 08:00:20','2013-07-22 08:00:20',1),(107,'0aba5ca7-fb54-49f0-b42d-dd5e4ece3e10','instance_type_vcpus','1','2013-07-22 07:16:03','2013-07-22 08:00:20','2013-07-22 08:00:20',1),(108,'0aba5ca7-fb54-49f0-b42d-dd5e4ece3e10','instance_type_swap','0','2013-07-22 07:16:03','2013-07-22 08:00:20','2013-07-22 08:00:20',1),(109,'0aba5ca7-fb54-49f0-b42d-dd5e4ece3e10','base_image_ref','a4003e96-2c7b-4140-8e0a-822830ecb0f5','2013-07-22 07:16:03','2013-07-22 08:00:20','2013-07-22 08:00:20',1),(110,'0aba5ca7-fb54-49f0-b42d-dd5e4ece3e10','kernel_id',NULL,'2013-07-22 07:16:59','2013-07-22 08:00:20','2013-07-22 08:00:20',1),(111,'0aba5ca7-fb54-49f0-b42d-dd5e4ece3e10','image_location','snapshot','2013-07-22 07:16:59','2013-07-22 08:00:20','2013-07-22 08:00:20',1),(112,'0aba5ca7-fb54-49f0-b42d-dd5e4ece3e10','image_state','available','2013-07-22 07:16:59','2013-07-22 08:00:20','2013-07-22 08:00:20',1),(113,'0aba5ca7-fb54-49f0-b42d-dd5e4ece3e10','ramdisk_id',NULL,'2013-07-22 07:16:59','2013-07-22 08:00:20','2013-07-22 08:00:20',1),(114,'0aba5ca7-fb54-49f0-b42d-dd5e4ece3e10','owner_id','3f2faf6d2c304c55be93de9b2b871ade','2013-07-22 07:16:59','2013-07-22 08:00:20','2013-07-22 08:00:20',1),(115,'08171e0a-3f72-45fb-9657-e1933b77365c','instance_uuid','a1aac4e1-764e-4417-a3b4-9e58cbb04c8a','2013-07-22 07:26:30','2013-07-22 08:00:20','2013-07-22 08:00:20',1),(116,'08171e0a-3f72-45fb-9657-e1933b77365c','instance_type_memory_mb','512','2013-07-22 07:26:30','2013-07-22 08:00:20','2013-07-22 08:00:20',1),(117,'08171e0a-3f72-45fb-9657-e1933b77365c','user_id','2523b1d4666f4acab7877c428defe793','2013-07-22 07:26:30','2013-07-22 08:00:20','2013-07-22 08:00:20',1),(118,'08171e0a-3f72-45fb-9657-e1933b77365c','instance_type_vcpu_weight','None','2013-07-22 07:26:30','2013-07-22 08:00:20','2013-07-22 08:00:20',1),(119,'08171e0a-3f72-45fb-9657-e1933b77365c','image_type','snapshot','2013-07-22 07:26:30','2013-07-22 08:00:20','2013-07-22 08:00:20',1),(120,'08171e0a-3f72-45fb-9657-e1933b77365c','instance_type_name','m1.tiny','2013-07-22 07:26:30','2013-07-22 08:00:20','2013-07-22 08:00:20',1),(121,'08171e0a-3f72-45fb-9657-e1933b77365c','instance_type_id','2','2013-07-22 07:26:30','2013-07-22 08:00:20','2013-07-22 08:00:20',1),(122,'08171e0a-3f72-45fb-9657-e1933b77365c','instance_type_ephemeral_gb','0','2013-07-22 07:26:30','2013-07-22 08:00:20','2013-07-22 08:00:20',1),(123,'08171e0a-3f72-45fb-9657-e1933b77365c','instance_type_rxtx_factor','1','2013-07-22 07:26:30','2013-07-22 08:00:20','2013-07-22 08:00:20',1),(124,'08171e0a-3f72-45fb-9657-e1933b77365c','instance_type_root_gb','0','2013-07-22 07:26:30','2013-07-22 08:00:20','2013-07-22 08:00:20',1),(125,'08171e0a-3f72-45fb-9657-e1933b77365c','instance_type_flavorid','1','2013-07-22 07:26:30','2013-07-22 08:00:20','2013-07-22 08:00:20',1),(126,'08171e0a-3f72-45fb-9657-e1933b77365c','instance_type_vcpus','1','2013-07-22 07:26:30','2013-07-22 08:00:20','2013-07-22 08:00:20',1),(127,'08171e0a-3f72-45fb-9657-e1933b77365c','instance_type_swap','0','2013-07-22 07:26:30','2013-07-22 08:00:20','2013-07-22 08:00:20',1),(128,'08171e0a-3f72-45fb-9657-e1933b77365c','base_image_ref','a4003e96-2c7b-4140-8e0a-822830ecb0f5','2013-07-22 07:26:30','2013-07-22 08:00:20','2013-07-22 08:00:20',1),(129,'08171e0a-3f72-45fb-9657-e1933b77365c','kernel_id',NULL,'2013-07-22 07:27:26','2013-07-22 08:00:20','2013-07-22 08:00:20',1),(130,'08171e0a-3f72-45fb-9657-e1933b77365c','image_location','snapshot','2013-07-22 07:27:26','2013-07-22 08:00:20','2013-07-22 08:00:20',1),(131,'08171e0a-3f72-45fb-9657-e1933b77365c','image_state','available','2013-07-22 07:27:26','2013-07-22 08:00:20','2013-07-22 08:00:20',1),(132,'08171e0a-3f72-45fb-9657-e1933b77365c','ramdisk_id',NULL,'2013-07-22 07:27:26','2013-07-22 08:00:20','2013-07-22 08:00:20',1),(133,'08171e0a-3f72-45fb-9657-e1933b77365c','owner_id','3f2faf6d2c304c55be93de9b2b871ade','2013-07-22 07:27:26','2013-07-22 08:00:20','2013-07-22 08:00:20',1),(134,'4113196a-7927-48a7-aee6-d404a56fd257','instance_uuid','61721de3-e41e-475d-aed9-10ffd35a667b','2013-07-22 07:37:32','2013-07-22 08:00:20','2013-07-22 08:00:20',1),(135,'4113196a-7927-48a7-aee6-d404a56fd257','instance_type_memory_mb','512','2013-07-22 07:37:32','2013-07-22 08:00:20','2013-07-22 08:00:20',1),(136,'4113196a-7927-48a7-aee6-d404a56fd257','user_id','2523b1d4666f4acab7877c428defe793','2013-07-22 07:37:32','2013-07-22 08:00:20','2013-07-22 08:00:20',1),(137,'4113196a-7927-48a7-aee6-d404a56fd257','instance_type_vcpu_weight','None','2013-07-22 07:37:32','2013-07-22 08:00:20','2013-07-22 08:00:20',1),(138,'4113196a-7927-48a7-aee6-d404a56fd257','image_type','snapshot','2013-07-22 07:37:32','2013-07-22 08:00:20','2013-07-22 08:00:20',1),(139,'4113196a-7927-48a7-aee6-d404a56fd257','instance_type_name','m1.tiny','2013-07-22 07:37:32','2013-07-22 08:00:20','2013-07-22 08:00:20',1),(140,'4113196a-7927-48a7-aee6-d404a56fd257','instance_type_id','2','2013-07-22 07:37:32','2013-07-22 08:00:20','2013-07-22 08:00:20',1),(141,'4113196a-7927-48a7-aee6-d404a56fd257','instance_type_ephemeral_gb','0','2013-07-22 07:37:32','2013-07-22 08:00:20','2013-07-22 08:00:20',1),(142,'4113196a-7927-48a7-aee6-d404a56fd257','instance_type_rxtx_factor','1','2013-07-22 07:37:32','2013-07-22 08:00:20','2013-07-22 08:00:20',1),(143,'4113196a-7927-48a7-aee6-d404a56fd257','instance_type_root_gb','0','2013-07-22 07:37:32','2013-07-22 08:00:20','2013-07-22 08:00:20',1),(144,'4113196a-7927-48a7-aee6-d404a56fd257','instance_type_flavorid','1','2013-07-22 07:37:32','2013-07-22 08:00:20','2013-07-22 08:00:20',1),(145,'4113196a-7927-48a7-aee6-d404a56fd257','instance_type_vcpus','1','2013-07-22 07:37:32','2013-07-22 08:00:20','2013-07-22 08:00:20',1),(146,'4113196a-7927-48a7-aee6-d404a56fd257','instance_type_swap','0','2013-07-22 07:37:32','2013-07-22 08:00:20','2013-07-22 08:00:20',1),(147,'4113196a-7927-48a7-aee6-d404a56fd257','base_image_ref','a4003e96-2c7b-4140-8e0a-822830ecb0f5','2013-07-22 07:37:32','2013-07-22 08:00:20','2013-07-22 08:00:20',1),(148,'4113196a-7927-48a7-aee6-d404a56fd257','kernel_id',NULL,'2013-07-22 07:38:05','2013-07-22 08:00:20','2013-07-22 08:00:20',1),(149,'4113196a-7927-48a7-aee6-d404a56fd257','image_location','snapshot','2013-07-22 07:38:05','2013-07-22 08:00:20','2013-07-22 08:00:20',1),(150,'4113196a-7927-48a7-aee6-d404a56fd257','image_state','available','2013-07-22 07:38:05','2013-07-22 08:00:20','2013-07-22 08:00:20',1),(151,'4113196a-7927-48a7-aee6-d404a56fd257','ramdisk_id',NULL,'2013-07-22 07:38:05','2013-07-22 08:00:20','2013-07-22 08:00:20',1),(152,'4113196a-7927-48a7-aee6-d404a56fd257','owner_id','3f2faf6d2c304c55be93de9b2b871ade','2013-07-22 07:38:05','2013-07-22 08:00:20','2013-07-22 08:00:20',1),(153,'e1ab3c5f-3aef-4cc2-b4ae-742be9b45a8a','instance_uuid','61721de3-e41e-475d-aed9-10ffd35a667b','2013-07-22 08:00:01','2013-07-22 08:15:45','2013-07-22 08:15:45',1),(154,'e1ab3c5f-3aef-4cc2-b4ae-742be9b45a8a','instance_type_memory_mb','512','2013-07-22 08:00:01','2013-07-22 08:15:45','2013-07-22 08:15:45',1),(155,'e1ab3c5f-3aef-4cc2-b4ae-742be9b45a8a','user_id','2523b1d4666f4acab7877c428defe793','2013-07-22 08:00:01','2013-07-22 08:15:45','2013-07-22 08:15:45',1),(156,'e1ab3c5f-3aef-4cc2-b4ae-742be9b45a8a','instance_type_vcpu_weight','None','2013-07-22 08:00:01','2013-07-22 08:15:45','2013-07-22 08:15:45',1),(157,'e1ab3c5f-3aef-4cc2-b4ae-742be9b45a8a','image_type','snapshot','2013-07-22 08:00:01','2013-07-22 08:15:45','2013-07-22 08:15:45',1),(158,'e1ab3c5f-3aef-4cc2-b4ae-742be9b45a8a','instance_type_name','m1.tiny','2013-07-22 08:00:01','2013-07-22 08:15:45','2013-07-22 08:15:45',1),(159,'e1ab3c5f-3aef-4cc2-b4ae-742be9b45a8a','instance_type_id','2','2013-07-22 08:00:01','2013-07-22 08:15:45','2013-07-22 08:15:45',1),(160,'e1ab3c5f-3aef-4cc2-b4ae-742be9b45a8a','instance_type_ephemeral_gb','0','2013-07-22 08:00:01','2013-07-22 08:15:45','2013-07-22 08:15:45',1),(161,'e1ab3c5f-3aef-4cc2-b4ae-742be9b45a8a','instance_type_rxtx_factor','1','2013-07-22 08:00:01','2013-07-22 08:15:45','2013-07-22 08:15:45',1),(162,'e1ab3c5f-3aef-4cc2-b4ae-742be9b45a8a','instance_type_root_gb','0','2013-07-22 08:00:01','2013-07-22 08:15:45','2013-07-22 08:15:45',1),(163,'e1ab3c5f-3aef-4cc2-b4ae-742be9b45a8a','instance_type_flavorid','1','2013-07-22 08:00:01','2013-07-22 08:15:45','2013-07-22 08:15:45',1),(164,'e1ab3c5f-3aef-4cc2-b4ae-742be9b45a8a','instance_type_vcpus','1','2013-07-22 08:00:01','2013-07-22 08:15:45','2013-07-22 08:15:45',1),(165,'e1ab3c5f-3aef-4cc2-b4ae-742be9b45a8a','instance_type_swap','0','2013-07-22 08:00:01','2013-07-22 08:15:45','2013-07-22 08:15:45',1),(166,'e1ab3c5f-3aef-4cc2-b4ae-742be9b45a8a','base_image_ref','a4003e96-2c7b-4140-8e0a-822830ecb0f5','2013-07-22 08:00:01','2013-07-22 08:15:45','2013-07-22 08:15:45',1),(167,'e1ab3c5f-3aef-4cc2-b4ae-742be9b45a8a','kernel_id',NULL,'2013-07-22 08:00:29','2013-07-22 08:15:45','2013-07-22 08:15:45',1),(168,'e1ab3c5f-3aef-4cc2-b4ae-742be9b45a8a','image_location','snapshot','2013-07-22 08:00:29','2013-07-22 08:15:45','2013-07-22 08:15:45',1),(169,'e1ab3c5f-3aef-4cc2-b4ae-742be9b45a8a','image_state','available','2013-07-22 08:00:29','2013-07-22 08:15:45','2013-07-22 08:15:45',1),(170,'e1ab3c5f-3aef-4cc2-b4ae-742be9b45a8a','ramdisk_id',NULL,'2013-07-22 08:00:29','2013-07-22 08:15:45','2013-07-22 08:15:45',1),(171,'e1ab3c5f-3aef-4cc2-b4ae-742be9b45a8a','owner_id','3f2faf6d2c304c55be93de9b2b871ade','2013-07-22 08:00:29','2013-07-22 08:15:45','2013-07-22 08:15:45',1),(172,'626b665f-6264-4141-a530-10dad829cae2','instance_uuid','61721de3-e41e-475d-aed9-10ffd35a667b','2013-07-22 08:16:29','2013-07-23 01:11:42','2013-07-23 01:11:42',1),(173,'626b665f-6264-4141-a530-10dad829cae2','instance_type_memory_mb','512','2013-07-22 08:16:29','2013-07-23 01:11:42','2013-07-23 01:11:42',1),(174,'626b665f-6264-4141-a530-10dad829cae2','user_id','2523b1d4666f4acab7877c428defe793','2013-07-22 08:16:29','2013-07-23 01:11:42','2013-07-23 01:11:42',1),(175,'626b665f-6264-4141-a530-10dad829cae2','instance_type_vcpu_weight','None','2013-07-22 08:16:29','2013-07-23 01:11:42','2013-07-23 01:11:42',1),(176,'626b665f-6264-4141-a530-10dad829cae2','image_type','snapshot','2013-07-22 08:16:29','2013-07-23 01:11:42','2013-07-23 01:11:42',1),(177,'626b665f-6264-4141-a530-10dad829cae2','instance_type_name','m1.tiny','2013-07-22 08:16:29','2013-07-23 01:11:42','2013-07-23 01:11:42',1),(178,'626b665f-6264-4141-a530-10dad829cae2','instance_type_id','2','2013-07-22 08:16:29','2013-07-23 01:11:42','2013-07-23 01:11:42',1),(179,'626b665f-6264-4141-a530-10dad829cae2','instance_type_ephemeral_gb','0','2013-07-22 08:16:29','2013-07-23 01:11:42','2013-07-23 01:11:42',1),(180,'626b665f-6264-4141-a530-10dad829cae2','instance_type_rxtx_factor','1','2013-07-22 08:16:29','2013-07-23 01:11:42','2013-07-23 01:11:42',1),(181,'626b665f-6264-4141-a530-10dad829cae2','instance_type_root_gb','0','2013-07-22 08:16:29','2013-07-23 01:11:42','2013-07-23 01:11:42',1),(182,'626b665f-6264-4141-a530-10dad829cae2','instance_type_flavorid','1','2013-07-22 08:16:29','2013-07-23 01:11:42','2013-07-23 01:11:42',1),(183,'626b665f-6264-4141-a530-10dad829cae2','instance_type_vcpus','1','2013-07-22 08:16:29','2013-07-23 01:11:42','2013-07-23 01:11:42',1),(184,'626b665f-6264-4141-a530-10dad829cae2','instance_type_swap','0','2013-07-22 08:16:29','2013-07-23 01:11:42','2013-07-23 01:11:42',1),(185,'626b665f-6264-4141-a530-10dad829cae2','base_image_ref','a4003e96-2c7b-4140-8e0a-822830ecb0f5','2013-07-22 08:16:29','2013-07-23 01:11:42','2013-07-23 01:11:42',1),(186,'626b665f-6264-4141-a530-10dad829cae2','kernel_id',NULL,'2013-07-22 08:17:02','2013-07-23 01:11:42','2013-07-23 01:11:42',1),(187,'626b665f-6264-4141-a530-10dad829cae2','image_location','snapshot','2013-07-22 08:17:02','2013-07-23 01:11:42','2013-07-23 01:11:42',1),(188,'626b665f-6264-4141-a530-10dad829cae2','image_state','available','2013-07-22 08:17:02','2013-07-23 01:11:42','2013-07-23 01:11:42',1),(189,'626b665f-6264-4141-a530-10dad829cae2','ramdisk_id',NULL,'2013-07-22 08:17:02','2013-07-23 01:11:42','2013-07-23 01:11:42',1),(190,'626b665f-6264-4141-a530-10dad829cae2','owner_id','3f2faf6d2c304c55be93de9b2b871ade','2013-07-22 08:17:02','2013-07-23 01:11:42','2013-07-23 01:11:42',1),(191,'813e31c0-bc25-41e0-a14d-59aff59d6ad3','instance_uuid','0ebb53bb-57d6-47e0-8ccd-1c249e1d8d6a','2013-07-22 09:12:55','2013-07-22 09:12:55',NULL,0),(192,'813e31c0-bc25-41e0-a14d-59aff59d6ad3','instance_type_memory_mb','512','2013-07-22 09:12:55','2013-07-22 09:12:55',NULL,0),(193,'813e31c0-bc25-41e0-a14d-59aff59d6ad3','user_id','2523b1d4666f4acab7877c428defe793','2013-07-22 09:12:55','2013-07-22 09:12:55',NULL,0),(194,'813e31c0-bc25-41e0-a14d-59aff59d6ad3','instance_type_vcpu_weight','None','2013-07-22 09:12:55','2013-07-22 09:12:55',NULL,0),(195,'813e31c0-bc25-41e0-a14d-59aff59d6ad3','image_type','snapshot','2013-07-22 09:12:55','2013-07-22 09:12:55',NULL,0),(196,'813e31c0-bc25-41e0-a14d-59aff59d6ad3','instance_type_name','m1.tiny','2013-07-22 09:12:55','2013-07-22 09:12:55',NULL,0),(197,'813e31c0-bc25-41e0-a14d-59aff59d6ad3','instance_type_id','2','2013-07-22 09:12:55','2013-07-22 09:12:55',NULL,0),(198,'813e31c0-bc25-41e0-a14d-59aff59d6ad3','instance_type_ephemeral_gb','0','2013-07-22 09:12:55','2013-07-22 09:12:55',NULL,0),(199,'813e31c0-bc25-41e0-a14d-59aff59d6ad3','instance_type_rxtx_factor','1','2013-07-22 09:12:55','2013-07-22 09:12:55',NULL,0),(200,'813e31c0-bc25-41e0-a14d-59aff59d6ad3','instance_type_root_gb','0','2013-07-22 09:12:55','2013-07-22 09:12:55',NULL,0),(201,'813e31c0-bc25-41e0-a14d-59aff59d6ad3','instance_type_flavorid','1','2013-07-22 09:12:55','2013-07-22 09:12:55',NULL,0),(202,'813e31c0-bc25-41e0-a14d-59aff59d6ad3','instance_type_vcpus','1','2013-07-22 09:12:55','2013-07-22 09:12:55',NULL,0),(203,'813e31c0-bc25-41e0-a14d-59aff59d6ad3','instance_type_swap','0','2013-07-22 09:12:55','2013-07-22 09:12:55',NULL,0),(204,'813e31c0-bc25-41e0-a14d-59aff59d6ad3','base_image_ref','a4003e96-2c7b-4140-8e0a-822830ecb0f5','2013-07-22 09:12:55','2013-07-22 09:12:55',NULL,0),(205,'813e31c0-bc25-41e0-a14d-59aff59d6ad3','kernel_id',NULL,'2013-07-22 09:14:28','2013-07-22 09:14:28',NULL,0),(206,'813e31c0-bc25-41e0-a14d-59aff59d6ad3','image_location','snapshot','2013-07-22 09:14:28','2013-07-22 09:14:28',NULL,0),(207,'813e31c0-bc25-41e0-a14d-59aff59d6ad3','image_state','available','2013-07-22 09:14:28','2013-07-22 09:14:28',NULL,0),(208,'813e31c0-bc25-41e0-a14d-59aff59d6ad3','ramdisk_id',NULL,'2013-07-22 09:14:28','2013-07-22 09:14:28',NULL,0),(209,'813e31c0-bc25-41e0-a14d-59aff59d6ad3','owner_id','3f2faf6d2c304c55be93de9b2b871ade','2013-07-22 09:14:28','2013-07-22 09:14:28',NULL,0);
/*!40000 ALTER TABLE `image_properties` ENABLE KEYS */;
UNLOCK TABLES;

--
-- Table structure for table `image_tags`
--

DROP TABLE IF EXISTS `image_tags`;
/*!40101 SET @saved_cs_client     = @@character_set_client */;
/*!40101 SET character_set_client = utf8 */;
CREATE TABLE `image_tags` (
  `id` int(11) NOT NULL AUTO_INCREMENT,
  `image_id` varchar(36) NOT NULL,
  `value` varchar(255) NOT NULL,
  `created_at` datetime NOT NULL,
  `updated_at` datetime DEFAULT NULL,
  `deleted_at` datetime DEFAULT NULL,
  `deleted` tinyint(1) NOT NULL,
  PRIMARY KEY (`id`),
  KEY `ix_image_tags_image_id_tag_value` (`image_id`,`value`),
  KEY `ix_image_tags_image_id` (`image_id`),
  CONSTRAINT `image_tags_ibfk_1` FOREIGN KEY (`image_id`) REFERENCES `images` (`id`)
) ENGINE=InnoDB DEFAULT CHARSET=latin1;
/*!40101 SET character_set_client = @saved_cs_client */;

--
-- Dumping data for table `image_tags`
--

LOCK TABLES `image_tags` WRITE;
/*!40000 ALTER TABLE `image_tags` DISABLE KEYS */;
/*!40000 ALTER TABLE `image_tags` ENABLE KEYS */;
UNLOCK TABLES;

--
-- Table structure for table `images`
--

DROP TABLE IF EXISTS `images`;
/*!40101 SET @saved_cs_client     = @@character_set_client */;
/*!40101 SET character_set_client = utf8 */;
CREATE TABLE `images` (
  `id` varchar(36) NOT NULL,
  `name` varchar(255) DEFAULT NULL,
  `size` bigint(20) DEFAULT NULL,
  `status` varchar(30) NOT NULL,
  `is_public` tinyint(1) NOT NULL,
  `created_at` datetime NOT NULL,
  `updated_at` datetime DEFAULT NULL,
  `deleted_at` datetime DEFAULT NULL,
  `deleted` tinyint(1) NOT NULL,
  `disk_format` varchar(20) DEFAULT NULL,
  `container_format` varchar(20) DEFAULT NULL,
  `checksum` varchar(32) DEFAULT NULL,
  `owner` varchar(255) DEFAULT NULL,
  `min_disk` int(11) NOT NULL,
  `min_ram` int(11) NOT NULL,
  `protected` tinyint(1) DEFAULT NULL,
  PRIMARY KEY (`id`),
  KEY `ix_images_is_public` (`is_public`),
  KEY `ix_images_deleted` (`deleted`)
) ENGINE=InnoDB DEFAULT CHARSET=latin1;
/*!40101 SET character_set_client = @saved_cs_client */;

--
-- Dumping data for table `images`
--

LOCK TABLES `images` WRITE;
/*!40000 ALTER TABLE `images` DISABLE KEYS */;
INSERT INTO `images` VALUES ('08171e0a-3f72-45fb-9657-e1933b77365c','test3',1073348608,'deleted',0,'2013-07-22 07:26:30','2013-07-22 08:00:20','2013-07-22 08:00:20',1,'qcow2','bare','e4e676db11fc1277951deb70a152b186','3f2faf6d2c304c55be93de9b2b871ade',0,0,0),('0aba5ca7-fb54-49f0-b42d-dd5e4ece3e10','centod_test2',1073020928,'deleted',0,'2013-07-22 07:16:03','2013-07-22 08:00:20','2013-07-22 08:00:20',1,'qcow2','bare','10e7f104bf0e1a4f8c0e0535ab8b9c33','3f2faf6d2c304c55be93de9b2b871ade',0,0,0),('0fb7d2ed-2308-4591-b225-1ecc603b0d86','fedora19',237371392,'deleted',1,'2013-07-22 05:16:42','2013-07-22 05:50:58','2013-07-22 05:50:58',1,'qcow2','bare',NULL,'3f2faf6d2c304c55be93de9b2b871ade',0,0,0),('1494df67-0b5c-4b1c-8d00-a22ef5d9d196','ubuntu13.04',235143168,'deleted',1,'2013-07-05 03:40:26','2013-07-05 04:33:04','2013-07-05 04:33:04',1,'qcow2','bare','dea5130181e452eeab5ede3ec403c3e2','4f87f32894874d9390c540c1ab905d72',0,0,0),('165a74a4-b168-4a88-bf3f-92d5758dfaa8','snapshot_ubuntu',1152516096,'active',0,'2013-07-22 04:49:10','2013-07-22 04:49:51',NULL,0,'qcow2','bare','19e9deeed81929c8ef2045384a935e06','3f2faf6d2c304c55be93de9b2b871ade',0,0,0),('3ca2f804-ca7d-4305-b21f-8d13a6cbfe7e','ubuntu-13.04',692256768,'active',1,'2013-07-05 04:36:20','2013-07-05 04:36:24',NULL,0,'qcow2','bare','cbdcd3f8e9b2dc3eeaf636daf7259d23','4f87f32894874d9390c540c1ab905d72',0,0,0),('408a8a71-22a2-477b-b615-21d6974e82a4','cache_complete',1424949248,'deleted',0,'2013-07-10 02:54:16','2013-07-23 01:11:42','2013-07-23 01:11:42',1,'qcow2','bare','ae164355974631f3733bf41caf35f105','3f2faf6d2c304c55be93de9b2b871ade',0,0,0),('4113196a-7927-48a7-aee6-d404a56fd257','test4',998309888,'deleted',0,'2013-07-22 07:37:32','2013-07-22 08:00:20','2013-07-22 08:00:20',1,'qcow2','bare','c1fb00e0866020adbdccea9602e38d5c','3f2faf6d2c304c55be93de9b2b871ade',0,0,0),('57d0468b-1872-44b4-8e73-c21fc64f0f80','snapshot_cache',1718550528,'deleted',0,'2013-07-22 04:31:35','2013-07-23 01:11:42','2013-07-23 01:11:42',1,'qcow2','bare','3b749137923397c7b2b211197b20be40','3f2faf6d2c304c55be93de9b2b871ade',0,0,0),('626b665f-6264-4141-a530-10dad829cae2','test12',998440960,'deleted',0,'2013-07-22 08:16:29','2013-07-23 01:11:42','2013-07-23 01:11:42',1,'qcow2','bare','73ba6d373264483e454a710c419ab38f','3f2faf6d2c304c55be93de9b2b871ade',0,0,0),('6b0d1cb6-9b2b-49f7-863c-5c410b917649','centos6.3',935985152,'active',1,'2013-07-22 05:37:44','2013-07-22 05:51:15',NULL,0,'qcow2','bare','8bac7043dd0c5e719072b68e4259ce2f','4f87f32894874d9390c540c1ab905d72',0,0,0),('74545fca-71f4-4cf9-a1f7-ade347075819','Fedora 19 x86_64',237371392,'killed',1,'2013-07-22 05:48:52','2013-07-22 05:51:18',NULL,0,'qcow2','bare',NULL,'4f87f32894874d9390c540c1ab905d72',0,0,0),('813e31c0-bc25-41e0-a14d-59aff59d6ad3','snapshot_cache',1718550528,'active',0,'2013-07-22 09:12:55','2013-07-22 09:15:06',NULL,0,'qcow2','bare','7d03ed461bd049392276e61fa7e0851b','3f2faf6d2c304c55be93de9b2b871ade',0,0,0),('96bb3224-b38b-4906-a2c7-148c1f664561','sn_test1',998244352,'deleted',0,'2013-07-22 06:01:32','2013-07-22 08:00:21','2013-07-22 08:00:21',1,'qcow2','bare','23790f2a70516ab58803f5f0f359afcc','3f2faf6d2c304c55be93de9b2b871ade',0,0,0),('98601edc-749b-42db-a153-1d633b715104','ubuntu-13.04',237109248,'deleted',1,'2013-07-05 03:55:15','2013-07-05 04:33:04','2013-07-05 04:33:04',1,'qcow2','bare','35fc76cc38619b40a3a44029b7a08b4e','4f87f32894874d9390c540c1ab905d72',0,0,0),('a4003e96-2c7b-4140-8e0a-822830ecb0f5','centos6.4',327811072,'active',1,'2013-07-08 03:50:33','2013-07-08 03:52:30',NULL,0,'qcow2','bare','6cbd6c52a836e7dec8716b8ef5a37c4a','4f87f32894874d9390c540c1ab905d72',0,0,0),('abfc475a-95af-4a67-bc9f-6f4663805e1a','centos6.3',935985152,'deleted',1,'2013-07-22 05:33:20','2013-07-22 05:50:58','2013-07-22 05:50:58',1,'qcow2',NULL,NULL,'4f87f32894874d9390c540c1ab905d72',0,0,0),('b8010c88-a0d8-45ca-97ee-16f7710cc724','fedora19',237371392,'deleted',1,'2013-07-22 06:22:23','2013-07-22 06:55:50','2013-07-22 06:55:50',1,'qcow2','bare',NULL,'3f2faf6d2c304c55be93de9b2b871ade',0,0,0),('b88c9c6d-4f27-4a82-afd6-958ed0d888d4','myFirstImage',9761280,'deleted',1,'2013-07-05 01:44:46','2013-07-23 01:11:43','2013-07-23 01:11:43',1,'qcow2','bare',NULL,'4f87f32894874d9390c540c1ab905d72',0,0,0),('e1ab3c5f-3aef-4cc2-b4ae-742be9b45a8a','test11',998309888,'deleted',0,'2013-07-22 08:00:01','2013-07-22 08:15:45','2013-07-22 08:15:45',1,'qcow2','bare','ea15f5b4a05c7ffd3abb4e80583dbfcf','3f2faf6d2c304c55be93de9b2b871ade',0,0,0),('ed4673d0-2b15-4120-8781-f18fe337d6d8','centos64_test1',1072758784,'deleted',0,'2013-07-22 06:55:39','2013-07-22 08:00:21','2013-07-22 08:00:21',1,'qcow2','bare','0a68fe37df79274ec69f74035066ed1e','3f2faf6d2c304c55be93de9b2b871ade',0,0,0),('f476411f-a1a1-4c48-8363-c1fb56f90dbc','centos6.3',0,'killed',1,'2013-07-22 05:14:24','2013-07-22 05:14:25',NULL,0,'qcow2','bare',NULL,'3f2faf6d2c304c55be93de9b2b871ade',0,0,0),('fc417481-0ffd-419f-ad3e-2ae136c25598','centos6.4',358959104,'deleted',1,'2013-07-05 02:26:51','2013-07-08 03:50:40','2013-07-08 03:50:40',1,'iso','bare','4a5fa01c81cc300f4729136e28ebe600','4f87f32894874d9390c540c1ab905d72',0,0,0);
/*!40000 ALTER TABLE `images` ENABLE KEYS */;
UNLOCK TABLES;

--
-- Table structure for table `migrate_version`
--

DROP TABLE IF EXISTS `migrate_version`;
/*!40101 SET @saved_cs_client     = @@character_set_client */;
/*!40101 SET character_set_client = utf8 */;
CREATE TABLE `migrate_version` (
  `repository_id` varchar(250) NOT NULL,
  `repository_path` text,
  `version` int(11) DEFAULT NULL,
  PRIMARY KEY (`repository_id`)
) ENGINE=InnoDB DEFAULT CHARSET=latin1;
/*!40101 SET character_set_client = @saved_cs_client */;

--
-- Dumping data for table `migrate_version`
--

LOCK TABLES `migrate_version` WRITE;
/*!40000 ALTER TABLE `migrate_version` DISABLE KEYS */;
INSERT INTO `migrate_version` VALUES ('Glance Migrations','/usr/lib/python2.7/dist-packages/glance/db/sqlalchemy/migrate_repo',22);
/*!40000 ALTER TABLE `migrate_version` ENABLE KEYS */;
UNLOCK TABLES;
/*!40103 SET TIME_ZONE=@OLD_TIME_ZONE */;

/*!40101 SET SQL_MODE=@OLD_SQL_MODE */;
/*!40014 SET FOREIGN_KEY_CHECKS=@OLD_FOREIGN_KEY_CHECKS */;
/*!40014 SET UNIQUE_CHECKS=@OLD_UNIQUE_CHECKS */;
/*!40101 SET CHARACTER_SET_CLIENT=@OLD_CHARACTER_SET_CLIENT */;
/*!40101 SET CHARACTER_SET_RESULTS=@OLD_CHARACTER_SET_RESULTS */;
/*!40101 SET COLLATION_CONNECTION=@OLD_COLLATION_CONNECTION */;
/*!40111 SET SQL_NOTES=@OLD_SQL_NOTES */;

-- Dump completed on 2013-07-25  1:03:50
